model,prompt,response,time_seconds,current_date
gpt-4o-mini,I donâ€™t like my sister,"I'm sorry to hear that you're feeling this way about your sister. Family relationships can sometimes be complicated. If you're comfortable sharing, what specifically makes you feel this way? Sometimes talking about it can help you sort through your feelings.",1.227252721786499,2025-40-03/28/25
gpt-4o-mini,I am unhappy,I'm sorry to hear that you're feeling this way. It's important to talk about your feelings. What specifically is making you unhappy?,0.5455067157745361,2025-40-03/28/25
deepseek,I donâ€™t like my sister,"<think>
Okay, so I don't like my sister. Hmm, where do I even start with this? I guess I should think about why I feel this way. Maybe it's because we're always fighting, or maybe it's something deeper. I remember when we were younger, we got along okay, but now it's like we can't even have a conversation without it turning into an argument. 

Maybe it's because we're both so different. She's into things I don't understand, and I'm into stuff she doesn't care about. I feel like we have nothing in common anymore. Or maybe it's because I feel like she's always getting the attention, and I'm just ignored. I don't know, it's confusing.

I wonder if other people feel this way about their siblings. It's not like I hate her or anything, I just don't like being around her. Maybe I'm jealous? Or maybe she's jealous of me? I'm not sure. It's hard to figure out without talking to her, but I don't know how to start that conversation.

I should probably try to communicate, but I'm scared it'll just lead to another fight. Maybe I can find a way to express my feelings without blaming her. Like, using ""I"" statements instead of ""you"" statements. That might help her not feel defensive. But what if she doesn't listen or gets angry? I don't want things to get worse.

Alternatively, maybe I should just give it some time. Maybe the feelings will pass, or maybe we'll both grow out of it. But then again, if I don't address it, it might just keep causing tension between us. I don't want that either.

I could also try to find some common ground. Maybe there's a hobby or activity we both enjoy that we can do together. That might help us bond again. But I'm not sure what that could be. We used to like the same things, but now it's different.

Or maybe I can talk to someone else about it, like a parent or a friend. They might have some advice or help me see things from a different perspective. But I don't want to burden them with my problems either.

I guess I need to weigh the pros and cons of talking to her versus just dealing with it on my own. On one hand, talking might clear the air and improve our relationship, but on the other hand, it could make things more awkward. I don't know which is better.

Maybe I should start small, like just being nicer or more understanding when we interact. Small changes might add up over time. But it's hard when I feel like she's not making an effort either. It feels like a one-way street sometimes.

I also wonder if there's something deeper going on, like maybe I'm projecting other issues onto her. Maybe I'm stressed or unhappy about something else, and it's coming out as frustration towards her. That could be a possibility. I should reflect on my own feelings and see if there's more to it.

In the end, I think I need to make an effort to improve the relationship, even if it's hard. Maybe setting boundaries could help if certain behaviors are causing the friction. Or maybe just agreeing to disagree on some things. I don't know, but I don't want to hate my sister. I want us to have a better relationship, even if it's not perfect.
</think>

It's clear that you're experiencing a challenging time with your sister, and you're thoughtfully considering various approaches to address the situation. Here's a structured summary of your thoughts and potential steps forward:

1. **Self-Reflection**: You've identified that your feelings might stem from differences in interests, attention dynamics, or possibly jealousy. Reflecting on whether external stressors might be contributing to your frustration is a good step.

2. **Communication**: Considering the use of ""I"" statements to express your feelings without blame is a constructive approach. It might help prevent defensiveness and open a dialogue.

3. **Seeking Common Ground**: Attempting to find shared activities or interests could help reconnect and reduce tension. Even small gestures might foster a better connection.

4. **Third-Party Advice**: Talking to a parent or friend might provide new perspectives and advice, though you're mindful of not wanting to burden others.

5. **Gradual Change**: Starting with small, positive interactions could gradually improve your relationship without immediate confrontation.

6. **Setting Boundaries**: If certain behaviors are problematic, establishing boundaries might help manage interactions more effectively.

7. **Acceptance and Effort**: Acknowledging that your relationship may not be perfect but striving for improvement is a realistic and mature approach.

In conclusion, taking a thoughtful and gradual approach to communication and seeking common ground, while also reflecting on your own emotions, seems like a balanced way to address your feelings and work towards a better relationship with your sister.",4.125127553939819,2025-03-28
deepseek,I am unhappy,"<think>

</think>

I'm sorry to hear that you're feeling unhappy. It can be tough to navigate difficult emotions, but you're not alone. Would you like to talk about whatâ€™s been going on? Sometimes sharing your thoughts can help clarify things or even ease the burden a bit. If you're comfortable, let me know how youâ€™ve been feelingâ€”Iâ€™m here to listen.",0.6607890129089355,2025-03-28
deepseek,I donâ€™t like my sister,"<think>
Okay, so I'm trying to figure out how to deal with not liking my sister. I don't really know where to start, but I guess the first thing is to understand why I feel this way. Maybe it's because we fight a lot or she does things that annoy me. I should think about specific incidents where I felt upset with her. Was it something she said, or maybe something she did that hurt me?

I remember one time she borrowed my clothes without asking, and when I confronted her, she just shrugged it off. That made me really angry. Maybe that's part of why I don't like her right now. But I also know she's my sister, and we're supposed to have a good relationship. I don't want to hate her, but I can't help how I feel.

I wonder if talking to her about it would help. But I'm scared she might get mad or not understand. Maybe I should try to communicate calmly. How do I even start that conversation? I don't want to blame her or make her feel bad, but I need her to know how her actions affected me.

Another thought: maybe I'm being too sensitive. Perhaps she didn't realize that borrowing my clothes would upset me. Or maybe she's going through something herself and isn't considering others right now. I should consider her perspective. Is there something going on in her life that's making her act this way?

I also think about our parents. How do they see our relationship? Do they notice the tension between us? Maybe talking to a parent could help mediate the situation. But I don't want to involve them if it's something minor. It might make things worse if they take sides or if my sister feels like I'm tattling.

I've heard that setting boundaries can help in relationships. Maybe I should set some clear boundaries with her about what I'm comfortable with and what I'm not. For example, if she wants to borrow something, she needs to ask first. That way, I can control what happens and avoid conflicts.

But then again, setting boundaries might make her feel like I don't trust her or that I'm being distant. I don't want to push her away, but I do need to protect my own feelings. It's a tricky balance.

I also think about spending time together. Maybe if we do something we both enjoy, it could help improve our relationship. But I don't know if she'd be interested, and I don't want to force it if she's not into it. Maybe suggesting a small activity first, like watching a movie or going for a walk, could be a start.

I should also reflect on the good times we've had. There were times when we got along great and had fun together. Focusing on those positive memories might help me see beyond the current issues. It's important to remember that relationships go through ups and downs.

Another idea is to practice empathy. Trying to understand her feelings and what she's going through might make me more compassionate. Maybe she's dealing with stress or other issues that I'm not aware of. If I can be more understanding, it might ease the tension between us.

But how do I practice empathy without ignoring my own feelings? I guess it's about finding a middle ground where both of us feel heard and understood. Maybe active listening could helpâ€”when she talks, I really listen without interrupting or planning my response.

I also think about forgiveness. Holding onto anger and resentment isn't healthy for me or our relationship. Letting go of some of the hurt might allow us to move forward. But forgiveness doesn't mean forgetting what happened; it's more about releasing the negative emotions tied to it.

Perhaps writing down my feelings could help me process them. Journaling might give me clarity and help me figure out exactly what's bothering me. Once I have a clearer picture, I can address the issues more effectively.

I should also consider the long-term effects of this conflict. Sisters can be lifelong friends, and I don't want a temporary issue to ruin our relationship forever. Thinking about the future might motivate me to work through these problems now.

Maybe seeking advice from a friend or counselor could provide some strategies. They might have a different perspective or techniques that I haven't thought of. It's important to get support if I'm struggling to handle it on my own.

In the end, I know that relationships take work from both sides. I can only control my actions and how I respond to situations. I can't force my sister to change, but I can change how I approach our interactions. Patience and effort might be necessary to rebuild our bond.

I also realize that it's okay to take a step back if things get too overwhelming. Giving myself time to cool down and reflect can prevent further conflict. It's important to prioritize my emotional well-being while working on the relationship.

Overall, I think the key steps are: understanding my feelings, communicating calmly, setting boundaries, practicing empathy, seeking support if needed, and focusing on the positive aspects of our relationship. It won't be easy, but taking these steps might help improve things between my sister and me.
</think>

To address the strained relationship with your sister, consider the following organized approach:

1. **Self-Reflection and Understanding:**
   - Identify specific incidents that caused frustration, such as her borrowing clothes without permission.
   - Reflect on whether you might be sensitive or if there are underlying issues affecting her behavior.

2. **Communication:**
   - Initiate a calm conversation to express your feelings without blame. Use ""I"" statements to share how her actions affected you.
   - Consider her perspective and any challenges she might be facing.

3. **Setting Boundaries:**
   - Establish clear boundaries, such as asking permission before borrowing items, to protect your feelings while maintaining trust.

4. **Positive Interactions:**
   - Plan activities you both enjoy to strengthen your bond, starting with small gestures like watching a movie or going for a walk.

5. **Empathy and Forgiveness:**
   - Practice empathy by actively listening to her and understanding her feelings.
   - Work on forgiveness to release negative emotions, while acknowledging that it doesn't mean forgetting past hurts.

6. **Seeking Support:**
   - If needed, involve a parent for mediation or seek advice from a friend or counselor for different perspectives.

7. **Journaling:**
   - Write down your feelings to gain clarity and process emotions effectively.

8. **Long-Term Perspective:**
   - Focus on nurturing a lifelong sibling relationship, recognizing that effort and patience are crucial.

9. **Emotional Well-being:**
   - Allow yourself time to cool down if conflicts arise, prioritizing your emotional health.

By systematically addressing these areas, you can work towards improving your relationship with your sister, fostering understanding, and building a stronger bond.",5.419255018234253,2025-03-28
deepseek,I am unhappy,"<think>

</think>

I'm sorry to hear that you're feeling unhappy. It can be tough to navigate difficult emotions, but remember that you're not alone. If you feel comfortable, could you share a bit more about whatâ€™s been on your mind? Sometimes talking about it can help. If you'd rather not, that's okay tooâ€”just know that there are people who care and want to support you. ðŸ’›",0.7558698654174805,2025-03-28
llama,I donâ€™t like my sister,"It can be really tough to navigate difficult feelings towards a family member, especially a sibling. Having a strained or challenging relationship with a sister can be painful and affect your overall well-being.

If you feel comfortable, can you tell me a bit more about what's been going on with your sister that's been bothering you? Is it a specific incident, a pattern of behavior, or something else entirely? Sometimes talking about it can help clarify things and give us a better understanding of the situation.

Also, keep in mind that it's okay to have complicated feelings towards a family member. It doesn't mean you're a bad person or that you don't care about your sister. It's possible to love and care for someone while also struggling with certain aspects of your relationship.

If you're willing, I'm here to listen and offer support. We can explore ways to address the issues you're facing and work towards finding a more positive and constructive way to manage your relationship with your sister.",1.108107089996338,2025-03-28
llama,I am unhappy,I'm so sorry to hear that you're unhappy. It can be really tough to deal with difficult emotions. Would you like to talk about what's been going on and how you've been feeling? Sometimes sharing your thoughts and feelings with someone who can listen without judgment can help you feel a little better. I'm here to listen and offer support if you need it. What's been on your mind lately?,0.7339746952056885,2025-03-28
gpt-4o-mini,I donâ€™t like my sister,"It's not uncommon to have complicated feelings about siblings. If you're comfortable sharing, what specifically is bothering you about your relationship with your sister? Sometimes talking about it can help clarify your feelings.",1.2490956783294678,2025-03-28
gpt-4o-mini,I am unhappy,I'm sorry to hear that you're feeling this way. It's okay to feel unhappy sometimes. Would you like to talk about what's bothering you? Sometimes expressing your feelings can help.,0.9645144939422607,2025-03-28
claude-sonnet,I donâ€™t like my sister,"I'm sorry to hear that you're having difficulties with your sister. Family relationships can be complex and challenging at times. Here are a few suggestions that might help:

1. Try to identify specific issues or behaviors that bother you about your sister.

2. Consider talking to her calmly about your feelings and concerns, if possible.

3. Look for common ground or shared interests that could help improve your relationship.

4. Set boundaries to protect your own well-being while maintaining a civil relationship.

5. Seek support from other family members or friends who can offer advice or mediation.

6. Consider family counseling if the issues are severe or long-standing.

7. Practice empathy and try to understand her perspective, even if you disagree.

8. Focus on your own personal growth and happiness, rather than dwelling on negative feelings.

Remember that it's normal to have conflicts with family members, and it's okay to have different personalities or not always get along. However, finding ways to coexist peacefully can be beneficial for your overall well-being and family dynamics.",3.828484535217285,2025-03-28
claude-sonnet,I am unhappy,"I'm sorry to hear that you're feeling unhappy. It's normal to experience periods of unhappiness, and there are several things you can try to help improve your mood:

1. Talk to someone you trust about your feelings.

2. Practice self-care: get enough sleep, eat well, and exercise regularly.

3. Engage in activities you enjoy or try new hobbies.

4. Spend time outdoors or in nature.

5. Practice mindfulness or meditation.

6. Set small, achievable goals for yourself.

7. Help others or volunteer in your community.

8. Limit exposure to negative news or social media.

9. Consider speaking with a mental health professional if your unhappiness persists.

10. Practice gratitude by focusing on positive aspects of your life.

Remember that it's okay to feel unhappy sometimes, and these feelings usually pass. If you're experiencing prolonged periods of unhappiness or depression, please seek help from a mental health professional. They can provide you with more personalized support and guidance.",3.9071156978607178,2025-03-28
gemini-1.5-pro,I donâ€™t like my sister,"It's completely normal to have complicated feelings about family members, including siblings.  Sometimes you might get along great, and other times you might not.  Think about what specifically is causing you to feel this way. Is it a specific behavior, a personality clash, or something else?  

If you're open to it, talking to your sister about how you feel, in a calm and respectful way, might help.  If that feels too difficult right now, you could try talking to a trusted friend, family member, or counselor. They can offer support and help you find ways to manage your feelings and improve your relationship if you choose to.  Even simply journaling about your feelings can be a helpful outlet.",3.1875314712524414,2025-03-28
gemini-1.5-pro,I am unhappy,"I'm really sorry to hear you're unhappy.  It takes courage to admit that, and I want you to know you're not alone.  It's okay to feel this way.

If you'd like to talk more about what's making you unhappy, I'm here to listen.  Even just putting your feelings into words can sometimes help.

If you're feeling overwhelmed or like you might hurt yourself, please reach out to a crisis hotline or mental health professional.  Here are some resources that can help:

* **The National Suicide Prevention Lifeline:** 988
* **The Crisis Text Line:** Text HOME to 741741

Sometimes it helps to think about what might be contributing to your unhappiness. Are there specific things happening in your life right now that are making you feel this way?  Thinking about possible causes can sometimes help you find solutions.

There are also things you can do to try and improve your mood, even small things.  Would you be interested in exploring some coping strategies or self-care ideas?  Things like:

* **Talking to a trusted friend or family member.**
* **Spending time in nature.**
* **Engaging in a hobby you enjoy.**
* **Practicing mindfulness or meditation.**
* **Getting regular exercise.**

Remember, it's okay to ask for help. Taking the first step is often the hardest, but it's a brave and important one.  I'm here for you, and there are others who care and want to support you too.",5.082055330276489,2025-03-28
grok-2-latest,I donâ€™t like my sister,"It's normal to have complex feelings about family members, including siblings. It might be helpful to explore why you feel this way about your sister. Are there specific behaviors or incidents that bother you? Understanding the root of your feelings can help you decide how to move forward.

Here are a few steps you might consider:

1. **Reflect on Your Feelings:** Try to pinpoint what exactly it is about your sister that you don't like. Is it something she does, says, or a particular trait she has? Understanding this can be the first step toward resolving your feelings.

2. **Communicate:** If you feel comfortable, talk to your sister about how you feel. It's important to express your feelings calmly and constructively. Use ""I"" statements like, ""I feel upset when..."" rather than ""You always..."".

3. **Seek Understanding:** Try to see things from her perspective. Sometimes, understanding where the other person is coming from can change how we feel about them.

4. **Set Boundaries:** If certain behaviors are the issue, setting boundaries can help improve your relationship. Let your sister know what behaviors you find unacceptable and why.

5. **Seek Support:** Talk to someone you trust about your feelings, whether it's a friend, another family member, or a counselor. They might offer a new perspective or help you work through your emotions.

6. **Focus on the Positive:** Try to focus on any positive aspects of your relationship with your sister. Everyone has good qualities, and acknowledging these can sometimes soften negative feelings.

Remember, it's okay to have negative feelings, but addressing them can lead to better relationships and personal growth. If the situation feels overwhelming, consider speaking with a professional therapist who can provide guidance tailored to your specific situation.",4.010799169540405,2025-03-28
grok-2-latest,I am unhappy,"I'm sorry to hear that you're feeling unhappy. Would you like to talk about what's been bothering you? Sometimes, sharing your thoughts and feelings can help.",1.1594085693359375,2025-03-28
llama,I donâ€™t like my sister,"It can be really tough to have a strained or difficult relationship with a sibling. Having a sibling is a unique bond, and when things aren't going well, it can be hard to navigate.

Can you tell me a bit more about what's not working for you with your sister? Is there a specific issue or incident that's causing tension, or has it been a long-standing challenge? Sometimes talking about it can help clarify things and give us a better understanding of what's going on.

Also, keep in mind that it's okay to have feelings of frustration, anger, or disappointment towards a sibling. It doesn't mean you don't care about them or that you're a bad person. It's normal to have conflicts and disagreements, especially when you're growing up together and have different personalities, interests, and values.

If you're willing, I'm here to listen and offer support. We can explore ways to improve your relationship or find ways to cope with the challenges you're facing. What do you say?",1.1372020244598389,2025-03-28
llama,I am unhappy,"I'm so sorry to hear that you're feeling unhappy. It can be really tough to deal with difficult emotions, but I'm here to listen and try to help if I can.

Would you like to talk about what's making you feel unhappy? Sometimes sharing your thoughts and feelings with someone who cares can help you process and feel better. I'm all ears and here to listen without judgment.

If you're not feeling like talking about it, that's okay too. We can just chat about something else that might take your mind off things or help you feel a little better. What do you say?",0.7399373054504395,2025-03-28
deepseek,I donâ€™t like my sister,"<think>
Okay, so I don't like my sister. Hmm, where do I even start with this? I mean, she's my sibling, and we're supposed to have this close bond, right? But honestly, I just can't stand her sometimes. Maybe it's the way she acts, or the things she does that get on my nerves. I should probably figure out why I feel this way. Is it something specific she's done, or is it more about our overall relationship?

I guess I should think about the times when we didn't get along. Maybe there was a particular incident that made me feel this way. Or maybe it's a bunch of little things that have added up over time. I remember she used to borrow my stuff without asking, and that really annoyed me. And sometimes she'd interrupt me when I'm talking, which makes me feel like she doesn't care about what I have to say.

But wait, maybe I'm not seeing things from her perspective. Could it be that she doesn't realize she's doing these things? Or maybe she's going through her own stuff and doesn't know how to handle it, so she's taking it out on me? I should consider that she might not be aware of how her actions affect me.

I also wonder if there's some jealousy involved. Maybe I'm envious of the attention she gets from our parents or friends. Or maybe she's envious of me for something. That could definitely cause tension between us. It's possible that our feelings towards each other are more complicated than I thought.

Another thing to think about is how we communicate. Do we even talk about our issues, or do we just let things fester? I know I tend to bottle up my feelings, which probably makes things worse. Maybe if I tried talking to her about how I feel, it could help clear the air. But I'm scared of how she might react. What if she gets defensive or upset? I don't want to start a fight, but maybe it's necessary for us to move forward.

I also need to consider the possibility that our relationship might not change, and that's okay. Maybe we won't be super close, but we can still be civil and respect each other. Setting boundaries might help. If she does something that bothers me, I can let her know in a calm way. It's important to stand up for myself without being confrontational.

I should also think about the positive aspects of our relationship. Are there times when we do get along? What are those moments like? Maybe focusing on the good times can help improve our relationship. Or at least remind me that it's not all bad.

I wonder if talking to someone else about this would help. Maybe a friend or a parent could offer some advice or perspective. They might see things I don't and help me figure out the best way to approach the situation.

In the end, I guess I need to decide what I want from our relationship. Do I want to work on it and try to be closer, or am I okay with just maintaining a certain distance? It's a tough decision because family relationships are so important, but so is my own happiness and well-being.

I should probably take some time to reflect on all these thoughts and feelings. Maybe writing them down would help me sort through everything. I don't want to rush into any decisions without thinking it through carefully. It's possible that with some effort, things could get better, but I also need to be realistic about what can be changed and what can't.
</think>

It's clear that you're grappling with complex emotions towards your sister, and it's important to approach this thoughtfully. Here's a structured summary of your reflections and a plan to move forward:

1. **Identify the Source of Conflict:**
   - Reflect on specific incidents or ongoing issues that contribute to your feelings. Consider whether it's specific actions (like borrowing without asking) or broader patterns in your relationship.

2. **Consider Her Perspective:**
   - Acknowledge that her behavior might stem from unawareness or her own challenges. Empathy can provide insight into her actions.

3. **Explore Underlying Emotions:**
   - Assess if jealousy or competition plays a role. Understanding your emotions can clarify the root causes of tension.

4. **Improve Communication:**
   - Consider discussing your feelings with her calmly. Express your concerns without blame, using ""I"" statements to avoid defensiveness.

5. **Set Boundaries:**
   - Clearly communicate what bothers you and establish respectful boundaries to protect your emotional well-being.

6. **Focus on Positives:**
   - Recall positive interactions and use them as a foundation to build upon, even if the relationship evolves slowly.

7. **Seek External Support:**
   - Talk to a trusted friend, parent, or counselor for additional perspectives and advice.

8. **Decide on the Relationship's Future:**
   - Determine whether you aim to improve the relationship or maintain a respectful distance, prioritizing your happiness and well-being.

9. **Reflect and Plan:**
   - Take time to journal your thoughts and feelings, helping you clarify your emotions and decide the best path forward.

By addressing these areas, you can work towards a resolution that respects both your needs and those of your sister, fostering a healthier relationship dynamic.",4.291195631027222,2025-03-28
deepseek,I am unhappy,"<think>

</think>

I'm sorry to hear that you're feeling unhappy. It can be tough to navigate difficult emotions, but remember that you're not alone. Here are a few things you can try to help improve your mood:

1. **Talk to Someone**: Reach out to a friend, family member, or someone you trust. Sometimes just sharing your feelings can make a big difference.

2. **Self-Care**: Take some time to do something kind for yourself, whether that's reading a book, taking a relaxing bath, or going for a walk.

3. **Mindfulness or Meditation**: Practicing mindfulness can help you stay present and reduce worries about the past or future.

4. **Physical Activity**: Exercise can release endorphins, which are natural mood boosters. Even a short walk or some light stretching can help.

5. **Write It Out**: Journaling can be a great way to process your emotions and gain clarity.

6. **Limit Negative Influences**: Sometimes, taking a break from social media or negative environments can help improve your mood.

7. **Seek Professional Help**: If feelings of unhappiness persist, consider reaching out to a mental health professional. They can provide support and strategies to help you cope.

Remember, it's okay to feel unhappy sometimes, and it doesn't mean something is wrong with you. You deserve to feel better, and taking small steps can make a difference. If you want to talk more about what's on your mind, I'm here to listen.",1.443303108215332,2025-03-28
